sample,group,short_reads_1,short_reads_2,long_reads,short_reads_platform
Sample_ID39-KF_5_TOP,KF_TOP,/home2/projects/dag/Abisko/0_rawdata/Trimmed/ID39-KF_5_TOP_TATGATGCAG-CAACTGGCCT_L002_R1_001.fastq.gz,/home2/projects/dag/Abisko/0_rawdata/Trimmed/ID39-KF_5_TOP_TATGATGCAG-CAACTGGCCT_L002_R2_001.fastq.gz,,ILLUMINA
Sample_ID41-KF_7_TOP,KF_TOP,/home2/projects/dag/Abisko/0_rawdata/Trimmed/ID41-KF_7_TOP_AGAGTATGTG-GAAGCCATCT_L002_R1_001.fastq.gz,/home2/projects/dag/Abisko/0_rawdata/Trimmed/ID41-KF_7_TOP_AGAGTATGTG-GAAGCCATCT_L002_R2_001.fastq.gz,,ILLUMINA
Sample_ID43-KF_8_TOP,KF_TOP,/home2/projects/dag/Abisko/0_rawdata/Trimmed/ID43-KF_8_TOP_TTGCAATGCG-TGAAGTCTCG_L002_R1_001.fastq.gz,/home2/projects/dag/Abisko/0_rawdata/Trimmed/ID43-KF_8_TOP_TTGCAATGCG-TGAAGTCTCG_L002_R2_001.fastq.gz,,ILLUMINA
Sample_ID45-KF_11_TOP,KF_TOP,/home2/projects/dag/Abisko/0_rawdata/Trimmed/ID45-KF_11_TOP_AACGACATCT-ATTCCAAGAC_L002_R1_001.fastq.gz,/home2/projects/dag/Abisko/0_rawdata/Trimmed/ID45-KF_11_TOP_AACGACATCT-ATTCCAAGAC_L002_R2_001.fastq.gz,,ILLUMINA
Sample_ID47-KF_16_TOP,KF_TOP,/home2/projects/dag/Abisko/0_rawdata/Trimmed/ID47-KF_16_TOP_GTGGAGGTAG-GTGACGCGAT_L002_R1_001.fastq.gz,/home2/projects/dag/Abisko/0_rawdata/Trimmed/ID47-KF_16_TOP_GTGGAGGTAG-GTGACGCGAT_L002_R2_001.fastq.gz,,ILLUMINA
Sample_ID49-KF_9_TOP,KF_TOP,/home2/projects/dag/Abisko/0_rawdata/Trimmed/ID49-KF_9_TOP_ACTTAGATCG-AAGAATTCCG_L002_R1_001.fastq.gz,/home2/projects/dag/Abisko/0_rawdata/Trimmed/ID49-KF_9_TOP_ACTTAGATCG-AAGAATTCCG_L002_R2_001.fastq.gz,,ILLUMINA
Sample_ID51-KF_10_TOP,KF_TOP,/home2/projects/dag/Abisko/0_rawdata/Trimmed/ID51-KF_10_TOP_AACCGGCCTT-GATCTGAACA_L002_R1_001.fastq.gz,/home2/projects/dag/Abisko/0_rawdata/Trimmed/ID51-KF_10_TOP_AACCGGCCTT-GATCTGAACA_L002_R2_001.fastq.gz,,ILLUMINA
Sample_ID53-KF_12_TOP,KF_TOP,/home2/projects/dag/Abisko/0_rawdata/Trimmed/ID53-KF_12_TOP_GCGAGATGGA-AGTAGAGTGT_L002_R1_001.fastq.gz,/home2/projects/dag/Abisko/0_rawdata/Trimmed/ID53-KF_12_TOP_GCGAGATGGA-AGTAGAGTGT_L002_R2_001.fastq.gz,,ILLUMINA
Sample_ID55-KF_13_TOP,KF_TOP,/home2/projects/dag/Abisko/0_rawdata/Trimmed/ID55-KF_13_TOP_AGAGGCACGA-AATTCCACGT_L002_R1_001.fastq.gz,/home2/projects/dag/Abisko/0_rawdata/Trimmed/ID55-KF_13_TOP_AGAGGCACGA-AATTCCACGT_L002_R2_001.fastq.gz,,ILLUMINA
Sample_ID57-KF_14_TOP,KF_TOP,/home2/projects/dag/Abisko/0_rawdata/Trimmed/ID57-KF_14_TOP_GATCAACAAG-GACAGTGCTT_L002_R1_001.fastq.gz,/home2/projects/dag/Abisko/0_rawdata/Trimmed/ID57-KF_14_TOP_GATCAACAAG-GACAGTGCTT_L002_R2_001.fastq.gz,,ILLUMINA
Sample_ID59-KF_15_TOP,KF_TOP,/home2/projects/dag/Abisko/0_rawdata/Trimmed/ID59-KF_15_TOP_CATTATCGCT-AAGCAACTCG_L002_R1_001.fastq.gz,/home2/projects/dag/Abisko/0_rawdata/Trimmed/ID59-KF_15_TOP_CATTATCGCT-AAGCAACTCG_L002_R2_001.fastq.gz,,ILLUMINA
Sample_ID61-KF_1_TOP,KF_TOP,/home2/projects/dag/Abisko/0_rawdata/Trimmed/ID61-KF_1_TOP_GTCATCGCGT-TCCTTGTCGG_L002_R1_001.fastq.gz,/home2/projects/dag/Abisko/0_rawdata/Trimmed/ID61-KF_1_TOP_GTCATCGCGT-TCCTTGTCGG_L002_R2_001.fastq.gz,,ILLUMINA
Sample_ID63-KF_3_TOP,KF_TOP,/home2/projects/dag/Abisko/0_rawdata/Trimmed/ID63-KF_3_TOP_TTGGCTCCAA-CGGATCAGAC_L002_R1_001.fastq.gz,/home2/projects/dag/Abisko/0_rawdata/Trimmed/ID63-KF_3_TOP_TTGGCTCCAA-CGGATCAGAC_L002_R2_001.fastq.gz,,ILLUMINA
Sample_ID65-KF_4_TOP,KF_TOP,/home2/projects/dag/Abisko/0_rawdata/Trimmed/ID65-KF_4_TOP_ACCTTCGGAC-ATCTACGGTC_L002_R1_001.fastq.gz,/home2/projects/dag/Abisko/0_rawdata/Trimmed/ID65-KF_4_TOP_ACCTTCGGAC-ATCTACGGTC_L002_R2_001.fastq.gz,,ILLUMINA
Sample_ID67-KF_6_TOP,KF_TOP,/home2/projects/dag/Abisko/0_rawdata/Trimmed/ID67-KF_6_TOP_CATTGAGCTA-GATGTGAAGT_L002_R1_001.fastq.gz,/home2/projects/dag/Abisko/0_rawdata/Trimmed/ID67-KF_6_TOP_CATTGAGCTA-GATGTGAAGT_L002_R2_001.fastq.gz,,ILLUMINA
Sample_ID40-KF_5_BOTTOM,KF_BOTTOM,/home2/projects/dag/Abisko/0_rawdata/Trimmed/ID40-KF_5_BOTTOM_CGTGGCAGAA-CATCGGAAGA_L002_R1_001.fastq.gz,/home2/projects/dag/Abisko/0_rawdata/Trimmed/ID40-KF_5_BOTTOM_CGTGGCAGAA-CATCGGAAGA_L002_R2_001.fastq.gz,,ILLUMINA
Sample_ID42-KF_7_BOTTOM,KF_BOTTOM,/home2/projects/dag/Abisko/0_rawdata/Trimmed/ID42-KF_7_BOTTOM_GTGAGAGTAT-CCTCACAGAT_L002_R1_001.fastq.gz,/home2/projects/dag/Abisko/0_rawdata/Trimmed/ID42-KF_7_BOTTOM_GTGAGAGTAT-CCTCACAGAT_L002_R2_001.fastq.gz,,ILLUMINA
Sample_ID44-KF_8_BOTTOM,KF_BOTTOM,/home2/projects/dag/Abisko/0_rawdata/Trimmed/ID44-KF_8_BOTTOM_GCCAAGTAAC-TCATCACGCA_L002_R1_001.fastq.gz,/home2/projects/dag/Abisko/0_rawdata/Trimmed/ID44-KF_8_BOTTOM_GCCAAGTAAC-TCATCACGCA_L002_R2_001.fastq.gz,,ILLUMINA
Sample_ID46-KF_11_BOTTOM,KF_BOTTOM,/home2/projects/dag/Abisko/0_rawdata/Trimmed/ID46-KF_11_BOTTOM_CTCATTCTGC-ACCGCTTCAA_L002_R1_001.fastq.gz,/home2/projects/dag/Abisko/0_rawdata/Trimmed/ID46-KF_11_BOTTOM_CTCATTCTGC-ACCGCTTCAA_L002_R2_001.fastq.gz,,ILLUMINA
Sample_ID48-KF_16_BOTTOM,KF_BOTTOM,/home2/projects/dag/Abisko/0_rawdata/Trimmed/ID48-KF_16_BOTTOM_CAACAGGTAG-CACTATCGTC_L002_R1_001.fastq.gz,/home2/projects/dag/Abisko/0_rawdata/Trimmed/ID48-KF_16_BOTTOM_CAACAGGTAG-CACTATCGTC_L002_R2_001.fastq.gz,,ILLUMINA
Sample_ID50-KF_9_BOTTOM,KF_BOTTOM,/home2/projects/dag/Abisko/0_rawdata/Trimmed/ID50-KF_9_BOTTOM_CTGGAGAATA-GTTGTATGGA_L002_R1_001.fastq.gz,/home2/projects/dag/Abisko/0_rawdata/Trimmed/ID50-KF_9_BOTTOM_CTGGAGAATA-GTTGTATGGA_L002_R2_001.fastq.gz,,ILLUMINA
Sample_ID52-KF_10_BOTTOM,KF_BOTTOM,/home2/projects/dag/Abisko/0_rawdata/Trimmed/ID52-KF_10_BOTTOM_TTGTGAAGGC-GTACTGACGA_L002_R1_001.fastq.gz,/home2/projects/dag/Abisko/0_rawdata/Trimmed/ID52-KF_10_BOTTOM_TTGTGAAGGC-GTACTGACGA_L002_R2_001.fastq.gz,,ILLUMINA
Sample_ID58-KF_14_BOTTOM,KF_BOTTOM,/home2/projects/dag/Abisko/0_rawdata/Trimmed/ID58-KF_14_BOTTOM_TGACAAGAGG-CCAACAGATT_L002_R1_001.fastq.gz,/home2/projects/dag/Abisko/0_rawdata/Trimmed/ID58-KF_14_BOTTOM_TGACAAGAGG-CCAACAGATT_L002_R2_001.fastq.gz,,ILLUMINA
Sample_ID62-KF_1_BOTTOM,KF_BOTTOM,/home2/projects/dag/Abisko/0_rawdata/Trimmed/ID62-KF_1_BOTTOM_CCACTTGGAT-AACCGAGATT_L002_R1_001.fastq.gz,/home2/projects/dag/Abisko/0_rawdata/Trimmed/ID62-KF_1_BOTTOM_CCACTTGGAT-AACCGAGATT_L002_R2_001.fastq.gz,,ILLUMINA
Sample_ID64-KF_3_BOTTOM,KF_BOTTOM,/home2/projects/dag/Abisko/0_rawdata/Trimmed/ID64-KF_3_BOTTOM_TAAGGCGATC-TTGTGCTAAC_L002_R1_001.fastq.gz,/home2/projects/dag/Abisko/0_rawdata/Trimmed/ID64-KF_3_BOTTOM_TAAGGCGATC-TTGTGCTAAC_L002_R2_001.fastq.gz,,ILLUMINA
Sample_ID66-KF_4_BOTTOM,KF_BOTTOM,/home2/projects/dag/Abisko/0_rawdata/Trimmed/ID66-KF_4_BOTTOM_CTTGGTATCA-TGTATAGGCT_L002_R1_001.fastq.gz,/home2/projects/dag/Abisko/0_rawdata/Trimmed/ID66-KF_4_BOTTOM_CTTGGTATCA-TGTATAGGCT_L002_R2_001.fastq.gz,,ILLUMINA
Sample_ID68-KF_6_BOTTOM,KF_BOTTOM,/home2/projects/dag/Abisko/0_rawdata/Trimmed/ID68-KF_6_BOTTOM_CTGAGCTTGT-ACGCAAGAAG_L002_R1_001.fastq.gz,/home2/projects/dag/Abisko/0_rawdata/Trimmed/ID68-KF_6_BOTTOM_CTGAGCTTGT-ACGCAAGAAG_L002_R2_001.fastq.gz,,ILLUMINA
