sample,group,short_reads_1,short_reads_2,long_reads,short_reads_platform
Sample_ID40-KF_5_BOTTOM,KF_BOTTOM,/home2/projects/dag/Abisko/0_rawdata/Trimmed/ID40-KF_5_BOTTOM_CGTGGCAGAA-CATCGGAAGA_L002_R1_001.fastq.gz,/home2/projects/dag/Abisko/0_rawdata/Trimmed/ID40-KF_5_BOTTOM_CGTGGCAGAA-CATCGGAAGA_L002_R2_001.fastq.gz,,ILLUMINA
Sample_ID42-KF_7_BOTTOM,KF_BOTTOM,/home2/projects/dag/Abisko/0_rawdata/Trimmed/ID42-KF_7_BOTTOM_GTGAGAGTAT-CCTCACAGAT_L002_R1_001.fastq.gz,/home2/projects/dag/Abisko/0_rawdata/Trimmed/ID42-KF_7_BOTTOM_GTGAGAGTAT-CCTCACAGAT_L002_R2_001.fastq.gz,,ILLUMINA
Sample_ID44-KF_8_BOTTOM,KF_BOTTOM,/home2/projects/dag/Abisko/0_rawdata/Trimmed/ID44-KF_8_BOTTOM_GCCAAGTAAC-TCATCACGCA_L002_R1_001.fastq.gz,/home2/projects/dag/Abisko/0_rawdata/Trimmed/ID44-KF_8_BOTTOM_GCCAAGTAAC-TCATCACGCA_L002_R2_001.fastq.gz,,ILLUMINA
Sample_ID46-KF_11_BOTTOM,KF_BOTTOM,/home2/projects/dag/Abisko/0_rawdata/Trimmed/ID46-KF_11_BOTTOM_CTCATTCTGC-ACCGCTTCAA_L002_R1_001.fastq.gz,/home2/projects/dag/Abisko/0_rawdata/Trimmed/ID46-KF_11_BOTTOM_CTCATTCTGC-ACCGCTTCAA_L002_R2_001.fastq.gz,,ILLUMINA
Sample_ID48-KF_16_BOTTOM,KF_BOTTOM,/home2/projects/dag/Abisko/0_rawdata/Trimmed/ID48-KF_16_BOTTOM_CAACAGGTAG-CACTATCGTC_L002_R1_001.fastq.gz,/home2/projects/dag/Abisko/0_rawdata/Trimmed/ID48-KF_16_BOTTOM_CAACAGGTAG-CACTATCGTC_L002_R2_001.fastq.gz,,ILLUMINA
Sample_ID50-KF_9_BOTTOM,KF_BOTTOM,/home2/projects/dag/Abisko/0_rawdata/Trimmed/ID50-KF_9_BOTTOM_CTGGAGAATA-GTTGTATGGA_L002_R1_001.fastq.gz,/home2/projects/dag/Abisko/0_rawdata/Trimmed/ID50-KF_9_BOTTOM_CTGGAGAATA-GTTGTATGGA_L002_R2_001.fastq.gz,,ILLUMINA
Sample_ID52-KF_10_BOTTOM,KF_BOTTOM,/home2/projects/dag/Abisko/0_rawdata/Trimmed/ID52-KF_10_BOTTOM_TTGTGAAGGC-GTACTGACGA_L002_R1_001.fastq.gz,/home2/projects/dag/Abisko/0_rawdata/Trimmed/ID52-KF_10_BOTTOM_TTGTGAAGGC-GTACTGACGA_L002_R2_001.fastq.gz,,ILLUMINA
Sample_ID58-KF_14_BOTTOM,KF_BOTTOM,/home2/projects/dag/Abisko/0_rawdata/Trimmed/ID58-KF_14_BOTTOM_TGACAAGAGG-CCAACAGATT_L002_R1_001.fastq.gz,/home2/projects/dag/Abisko/0_rawdata/Trimmed/ID58-KF_14_BOTTOM_TGACAAGAGG-CCAACAGATT_L002_R2_001.fastq.gz,,ILLUMINA
Sample_ID62-KF_1_BOTTOM,KF_BOTTOM,/home2/projects/dag/Abisko/0_rawdata/Trimmed/ID62-KF_1_BOTTOM_CCACTTGGAT-AACCGAGATT_L002_R1_001.fastq.gz,/home2/projects/dag/Abisko/0_rawdata/Trimmed/ID62-KF_1_BOTTOM_CCACTTGGAT-AACCGAGATT_L002_R2_001.fastq.gz,,ILLUMINA
Sample_ID64-KF_3_BOTTOM,KF_BOTTOM,/home2/projects/dag/Abisko/0_rawdata/Trimmed/ID64-KF_3_BOTTOM_TAAGGCGATC-TTGTGCTAAC_L002_R1_001.fastq.gz,/home2/projects/dag/Abisko/0_rawdata/Trimmed/ID64-KF_3_BOTTOM_TAAGGCGATC-TTGTGCTAAC_L002_R2_001.fastq.gz,,ILLUMINA
Sample_ID66-KF_4_BOTTOM,KF_BOTTOM,/home2/projects/dag/Abisko/0_rawdata/Trimmed/ID66-KF_4_BOTTOM_CTTGGTATCA-TGTATAGGCT_L002_R1_001.fastq.gz,/home2/projects/dag/Abisko/0_rawdata/Trimmed/ID66-KF_4_BOTTOM_CTTGGTATCA-TGTATAGGCT_L002_R2_001.fastq.gz,,ILLUMINA
Sample_ID68-KF_6_BOTTOM,KF_BOTTOM,/home2/projects/dag/Abisko/0_rawdata/Trimmed/ID68-KF_6_BOTTOM_CTGAGCTTGT-ACGCAAGAAG_L002_R1_001.fastq.gz,/home2/projects/dag/Abisko/0_rawdata/Trimmed/ID68-KF_6_BOTTOM_CTGAGCTTGT-ACGCAAGAAG_L002_R2_001.fastq.gz,,ILLUMINA
